{
  "Model": "Random Forest",
  "Accuracy": 0.7467532467532467,
  "Precision": 0.6666666666666666,
  "Recall": 0.5555555555555556,
  "F1 Score": 0.6060606060606061,
  "ROC-AUC": 0.8150000000000001
}