,Pregnancies,Glucose,BloodPressure,SkinThickness,Insulin,BMI,DiabetesPedigreeFunction,Age,Outcome
count,768.0,768.0,768.0,768.0,768.0,768.0,768.0,768.0,768.0
mean,3.8450520833333335,121.65625,72.38671875,29.108072916666668,140.671875,32.45520833333333,0.47187630208333325,33.240885416666664,0.3489583333333333
std,3.3695780626988694,30.43828582241517,12.096641733978139,8.791221023089706,86.383059693181,6.875176818080995,0.3313285950127749,11.760231540678685,0.47695137724279896
min,0.0,44.0,24.0,7.0,14.0,18.2,0.078,21.0,0.0
25%,1.0,99.75,64.0,25.0,121.5,27.5,0.24375,24.0,0.0
50%,3.0,117.0,72.0,29.0,125.0,32.3,0.3725,29.0,0.0
75%,6.0,140.25,80.0,32.0,127.25,36.6,0.62625,41.0,1.0
max,17.0,199.0,122.0,99.0,846.0,67.1,2.42,81.0,1.0
