feature,mean,std,median
Pregnancies,3.8450520833333335,3.3695780626988694,3.0
Glucose,121.65625,30.43828582241517,117.0
BloodPressure,72.38671875,12.096641733978139,72.0
SkinThickness,29.108072916666668,8.791221023089706,29.0
Insulin,140.671875,86.383059693181,125.0
BMI,32.45520833333333,6.875176818080995,32.3
DiabetesPedigreeFunction,0.47187630208333325,0.3313285950127749,0.3725
Age,33.240885416666664,11.760231540678685,29.0
